{
  "vocabulary_analysis": {
    "f84v_total": 500,
    "f84v_unique": 270,
    "enrichment_percentage": 50.0,
    "top_enriched": [
      [
        "ol",
        2.9531647509578542
      ],
      [
        "qokeedy",
        2.4657658862876253
      ],
      [
        "shey",
        2.4823703703703703
      ],
      [
        "sheey",
        4.33968345323741
      ],
      [
        "qokedy",
        2.2935969581749047
      ],
      [
        "qol",
        3.6475646258503405
      ],
      [
        "oly",
        8.377999999999998
      ],
      [
        "sheol",
        3.019099099099099
      ],
      [
        "y",
        2.2341333333333333
      ],
      [
        "sheedy",
        4.037590361445783
      ],
      [
        "qoteedy",
        4.528648648648649
      ],
      [
        "oteedy",
        3.4548453608247423
      ],
      [
        "otal",
        2.0157593984962405
      ],
      [
        "ory",
        15.770352941176473
      ],
      [
        "opchedy",
        4.188999999999999
      ]
    ],
    "exclusive_words": []
  },
  "term_distribution": {
    "average_enrichment": 1.13193354293451,
    "individual_enrichments": {
      "oak": 1.0205899593036876,
      "oat": 0.9643457681157838,
      "ear": 1.1319554365031048,
      "cheek": 1.410843007815464
    }
  },
  "verdict": {
    "vocab_score": 50.0,
    "term_score": 1.13193354293451,
    "caption_hypothesis_supported": false
  }
}