{
  "decoded_roots": [
    {
      "root": "ch",
      "frequency": 2728,
      "num_variants": 57,
      "likely_category": "PARTICLE",
      "confidence": 1.0,
      "scores": {
        "PRONOUN": 0.021917808219178082,
        "VERB": 0.12243150684931507,
        "NOUN": 0.30753424657534245,
        "PARTICLE": 1.0
      },
      "top_suffixes": [
        "edy",
        "ol",
        "ey"
      ],
      "section_distribution": {
        "section_counts": {
          "herbal": 3193,
          "biological": 681,
          "pharmaceutical": 1042,
          "recipes": 924
        },
        "section_proportions": {
          "herbal": 0.5467465753424657,
          "biological": 0.11660958904109589,
          "pharmaceutical": 0.17842465753424658,
          "recipes": 0.15821917808219177
        },
        "enriched_section": "herbal",
        "enrichment_score": 0.5467465753424657
      }
    },
    {
      "root": "ai",
      "frequency": 2086,
      "num_variants": 17,
      "likely_category": "VERB",
      "confidence": 0.210727969348659,
      "scores": {
        "PRONOUN": -0.016602809706257982,
        "VERB": 0.210727969348659,
        "NOUN": 0.016602809706257982
      },
      "top_suffixes": [
        "in",
        "r",
        "n"
      ],
      "section_distribution": {
        "section_counts": {
          "herbal": 279,
          "biological": 122,
          "pharmaceutical": 220,
          "recipes": 162
        },
        "section_proportions": {
          "herbal": 0.3563218390804598,
          "biological": 0.1558109833971903,
          "pharmaceutical": 0.280970625798212,
          "recipes": 0.20689655172413793
        },
        "enriched_section": "herbal",
        "enrichment_score": 0.3563218390804598
      }
    },
    {
      "root": "ot",
      "frequency": 1373,
      "num_variants": 33,
      "likely_category": "PARTICLE",
      "confidence": 1.0,
      "scores": {
        "PRONOUN": -0.009795570698466781,
        "VERB": 0.2014480408858603,
        "NOUN": 0.32538330494037476,
        "PARTICLE": 1.0
      },
      "top_suffixes": [
        "edy",
        "ar",
        "eey"
      ],
      "section_distribution": {
        "section_counts": {
          "herbal": 1199,
          "biological": 307,
          "pharmaceutical": 465,
          "recipes": 377
        },
        "section_proportions": {
          "herbal": 0.5106473594548552,
          "biological": 0.1307495741056218,
          "pharmaceutical": 0.19804088586030663,
          "recipes": 0.16056218057921637
        },
        "enriched_section": "herbal",
        "enrichment_score": 0.5106473594548552
      }
    },
    {
      "root": "he",
      "frequency": 1155,
      "num_variants": 12,
      "likely_category": "UNKNOWN",
      "confidence": 0.0,
      "scores": {},
      "top_suffixes": [
        "dy",
        "y",
        "ey"
      ],
      "section_distribution": null
    },
    {
      "root": "ok",
      "frequency": 883,
      "num_variants": 22,
      "likely_category": "PARTICLE",
      "confidence": 1.0,
      "scores": {
        "PRONOUN": 0.0,
        "VERB": 0.1884359400998336,
        "NOUN": 0.3198835274542429,
        "PARTICLE": 1.0
      },
      "top_suffixes": [
        "eey",
        "al",
        "ar"
      ],
      "section_distribution": {
        "section_counts": {
          "herbal": 1232,
          "biological": 254,
          "pharmaceutical": 580,
          "recipes": 338
        },
        "section_proportions": {
          "herbal": 0.5124792013311148,
          "biological": 0.10565723793677205,
          "pharmaceutical": 0.24126455906821964,
          "recipes": 0.1405990016638935
        },
        "enriched_section": "herbal",
        "enrichment_score": 0.5124792013311148
      }
    },
    {
      "root": "ee",
      "frequency": 735,
      "num_variants": 17,
      "likely_category": "NOUN",
      "confidence": 0.17647058823529413,
      "scores": {
        "PRONOUN": -0.014705882352941176,
        "VERB": 0.1323529411764706,
        "NOUN": 0.17647058823529413
      },
      "top_suffixes": [
        "y",
        "dy",
        "ey"
      ],
      "section_distribution": {
        "section_counts": {
          "herbal": 39,
          "biological": 10,
          "pharmaceutical": 12,
          "recipes": 7
        },
        "section_proportions": {
          "herbal": 0.5735294117647058,
          "biological": 0.14705882352941177,
          "pharmaceutical": 0.17647058823529413,
          "recipes": 0.10294117647058823
        },
        "enriched_section": "herbal",
        "enrichment_score": 0.5735294117647058
      }
    },
    {
      "root": "al",
      "frequency": 652,
      "num_variants": 20,
      "likely_category": "PARTICLE",
      "confidence": 0.668,
      "scores": {
        "PRONOUN": 0.036000000000000004,
        "VERB": 0.136,
        "NOUN": 0.10400000000000001,
        "PARTICLE": 0.668
      },
      "top_suffixes": [
        "y",
        "dy",
        "or"
      ],
      "section_distribution": {
        "section_counts": {
          "herbal": 212,
          "biological": 44,
          "pharmaceutical": 123,
          "recipes": 121
        },
        "section_proportions": {
          "herbal": 0.424,
          "biological": 0.088,
          "pharmaceutical": 0.246,
          "recipes": 0.242
        },
        "enriched_section": "herbal",
        "enrichment_score": 0.424
      }
    },
    {
      "root": "ar",
      "frequency": 641,
      "num_variants": 15,
      "likely_category": "PARTICLE",
      "confidence": 0.6647058823529411,
      "scores": {
        "PRONOUN": -0.004048582995951417,
        "VERB": 0.13562753036437247,
        "NOUN": 0.10121457489878542,
        "PARTICLE": 0.6647058823529411
      },
      "top_suffixes": [
        "y",
        "al",
        "ol"
      ],
      "section_distribution": {
        "section_counts": {
          "herbal": 219,
          "biological": 65,
          "pharmaceutical": 97,
          "recipes": 113
        },
        "section_proportions": {
          "herbal": 0.4433198380566802,
          "biological": 0.13157894736842105,
          "pharmaceutical": 0.19635627530364372,
          "recipes": 0.22874493927125505
        },
        "enriched_section": "herbal",
        "enrichment_score": 0.4433198380566802
      }
    },
    {
      "root": "ol",
      "frequency": 611,
      "num_variants": 15,
      "likely_category": "PARTICLE",
      "confidence": 0.578544061302682,
      "scores": {
        "PRONOUN": 0.014538558786346401,
        "VERB": 0.11504424778761062,
        "NOUN": 0.1675094816687737,
        "PARTICLE": 0.578544061302682
      },
      "top_suffixes": [
        "y",
        "or",
        "dy"
      ],
      "section_distribution": {
        "section_counts": {
          "herbal": 836,
          "biological": 286,
          "pharmaceutical": 295,
          "recipes": 165
        },
        "section_proportions": {
          "herbal": 0.5284450063211125,
          "biological": 0.18078381795195955,
          "pharmaceutical": 0.18647281921618206,
          "recipes": 0.10429835651074588
        },
        "enriched_section": "herbal",
        "enrichment_score": 0.5284450063211125
      }
    },
    {
      "root": "che",
      "frequency": 477,
      "num_variants": 19,
      "likely_category": "PARTICLE",
      "confidence": 1.0,
      "scores": {
        "PRONOUN": 0.022710622710622713,
        "VERB": 0.12454212454212454,
        "NOUN": 0.24285714285714288,
        "PARTICLE": 1.0
      },
      "top_suffixes": [
        "ol",
        "or",
        "edy"
      ],
      "section_distribution": {
        "section_counts": {
          "herbal": 1277,
          "biological": 347,
          "pharmaceutical": 590,
          "recipes": 516
        },
        "section_proportions": {
          "herbal": 0.46776556776556777,
          "biological": 0.1271062271062271,
          "pharmaceutical": 0.21611721611721613,