{
  "current_recognition": 95.0,
  "new_morphemes": {
    "?dy": {
      "total": 276,
      "verb_rate": 0.028985507246376812,
      "standalone_rate": 0.8188405797101449,
      "classification": "NOMINAL (frequent standalone)",
      "confidence": "HIGH",
      "semantic_hints": [
        "Oak-associated (49.2%)"
      ],
      "contexts": {
        "botanical": 0.125,
        "vessel": 0.125,
        "water": 0.0859375,
        "oak": 0.4921875,
        "oat": 0.2265625,
        "liquid_r": 0.0546875,
        "acorn": 0.0,
        "boil_eo": 0.046875
      },
      "case_suffixes": {
        "VERB": 8,
        "LOC": 2,
        "INST": 2,
        "DEF": 7,
        "DIR": 3,
        "GEN": 4
      }
    },
    "?l": {
      "total": 243,
      "verb_rate": 0.1111111111111111,
      "standalone_rate": 0.22633744855967078,
      "classification": "NOMINAL (root)",
      "confidence": "MODERATE",
      "semantic_hints": [
        "Oak-associated (67.0%)"
      ],
      "contexts": {
        "botanical": 0.09049773755656108,
        "vessel": 0.11764705882352941,
        "water": 0.1085972850678733,
        "oak": 0.669683257918552,
        "oat": 0.22624434389140272,
        "liquid_r": 0.06787330316742081,
        "acorn": 0.004524886877828055,
        "boil_eo": 0.04072398190045249
      },
      "case_suffixes": {
        "LOC": 62,
        "INST": 49,
        "VERB": 27,
        "DEF": 31,
        "DIR": 12,
        "GEN": 13
      }
    },
    "?qo": {
      "total": 216,
      "verb_rate": 0.20833333333333334,
      "standalone_rate": 0.12962962962962962,
      "classification": "NOMINAL or MIXED",
      "confidence": "LOW",
      "semantic_hints": [
        "Oak-associated (52.6%)"
      ],
      "contexts": {
        "botanical": 0.11961722488038277,
        "vessel": 0.18660287081339713,
        "water": 0.10047846889952153,
        "oak": 0.5263157894736842,
        "oat": 0.20095693779904306,
        "liquid_r": 0.06220095693779904,
        "acorn": 0.0,
        "boil_eo": 0.04784688995215311
      },
      "case_suffixes": {
        "DEF": 84,
        "DIR": 24,
        "VERB": 45,
        "INST": 11,
        "LOC": 18
      }
    },
    "?lk": {
      "total": 200,
      "verb_rate": 0.35,
      "standalone_rate": 0.005,
      "classification": "VERBAL",
      "confidence": "MODERATE",
      "semantic_hints": [
        "Oak-associated (76.4%)"
      ],
      "contexts": {
        "botanical": 0.08241758241758242,
        "vessel": 0.11538461538461539,
        "water": 0.1043956043956044,
        "oak": 0.7637362637362637,
        "oat": 0.23626373626373626,
        "liquid_r": 0.08241758241758242,
        "acorn": 0.0,
        "boil_eo": 0.016483516483516484
      },
      "case_suffixes": {
        "VERB": 70,
        "LOC": 12,
        "DIR": 30,
        "DEF": 84,
        "INST": 4
      }
    }
  },
  "total_gain": 2.5270270270270268,
  "final_recognition": 97.53
}